ID,User,Time,Rating,Comment,IDRestaurant
6499,Trai NÃ´ng,19/6/2022 4:28,9.0,Sáº¡ch sáº½ vÃ  ship hÃ ng nhanh.,169
28674,Nguyen Hoang,30/8/2020 20:27,8.4,"Nghe má»i ngÆ°á»i giá»›i thiá»‡u mÃ³n nÃ y á»Ÿ Ä‘Ã¢y ngon nÃªn dáº«n gia Ä‘Ã¬nh Ä‘i Äƒn thá»­. Äi 6 ngÆ°á»i, 5 ngÆ°á»i khen ngon, 1 ngÆ°á»i táº¡m Ä‘Æ°á»£c. Äiá»ƒm cá»™ng nhiá»u nháº¥t cho mÃ³n nÃ y lÃ : khÃ´ng dáº§u má»¡, bÃºn lÃ m táº¡i chá»— ngon dai, Ä‘áº·c biá»‡t lÃ  nÆ°á»›c cháº¥m ngon chÆ°a tá»«ng Ä‘Æ°á»£c Äƒn.
GiÃ¡ há»£p lÃ½.",1452
22210,Nháº­t Linh Tráº§n HoÃ ng,29/3/2017 23:28,7.8,"Chi nhÃ¡nh nÃ y hÃ¬nh nhÆ° cÅ©ng má»›i khai trÆ°Æ¡ng khÃ´ng lÃ¢u, vá»‹ trÃ­ Ä‘á»‘i diá»‡n xÃ©o vá»›i pizza hut Háº­u Giang má»™t chÃºt
KhÃ´ng gian: khÃ¡ lÃ  bÃ© luÃ´n, cÃ³ khoáº£ng 2 - 3 bÃ n thÃ´i, Ä‘a sÃ³i lÃ  take away háº¿t, bÃ¹ láº¡i sÃ¡ng sá»§a Ä‘áº¹p Ä‘áº½, wifi máº¡nh, mÃ¡y láº¡nh phÃ  phÃ 
NhÃ¢n viÃªn: vui váº» vÃ  nhiá»‡t tÃ¬nh vá»›i khÃ¡ch
Cháº¥t lÆ°á»£ng: quáº§y bÃ¡nh á»Ÿ Ä‘Ã¢y cÃ³ váº» Ã­t hÆ¡n so vá»›i cÃ¡c chá»— khÃ¡c
BÃ¡nh trá»©ng 14k: loáº¡i bÃ¡nh ngÃ n lá»›p trÃ²n, phá»§ má»ng 1 lá»›p kem trá»©ng sá»¯a lÃªn, ko quÃ¡ ngá»t, ko bá»‹ ngÃ¡n
BÃ¡nh ngÃ n lá»›p chocolate 16k: chocolate loáº¡i háº¡t, bÃ¡nh khÃ¡ dÃ i
GiÃ¡ bÃ¡nh nÃ³i chung khÃ¡ ráº»
Xem thÃªm",1018
17198,Little Patati,18/3/2017 17:45,7.2,"ğŸŒ¸ğŸŒ¸ğŸŒ¸TIPS: + Äá» phÃ²ng cÆ°á»›p giáº­t. Nghe nÃ³i Ä‘Ã£ cÃ³ báº¡n bá»‹ cÆ°á»›p Ä‘t á»Ÿ Ä‘Ã¢y vÃ  khi ngá»“i Äƒn cÅ©ng cÃ³ cÃ´ bÃ¡n hÃ ng ra nháº¯c.
+ quÃ¡n ko ngá»“i chung vs quÃ¢n phÃ¡ láº¥u ngay cáº¡nh. Hai quÃ¡n nÃ y lÃ  thÃ¢n ai náº¥y lo nhÃ©, muá»‘n Äƒn gÃ¬ qua hÃ ng Ä‘Ã³ ngá»“i mÃ  gá»i.

ğŸ½ğŸ½ğŸ½ğŸ½ bÃ¡nh trÃ¡ng rÃ¡n trá»™n ráº¥t ngon (lÆ°u Ã½ lÃ  mÃ¬nh Äƒn loáº¡i RÃN xong rá»“i trá»™n nhÃ©! Chá»© ko pháº£i trá»™n thÆ°á»ng Ä‘Ã¢u). Ä‚n giÃ²n giÃ²n, vá»‹ ngon, kháº¯c phá»¥c Ä‘iá»ƒm dai, cá»©ng cá»§ bÃnh trÃ¡ng trá»™n thÆ°á»ng. CÃ³ hÃ´m cÃ´ chá»§ cho thÃªm cáº£ bá»™t phÃ´ mai thÃ¬ Äƒn hÆ¡i bá»‹ ngá»t.

BÃ¡nh trÃ¡ng cuá»‘n á»Ÿ Ä‘Ã¢y cuá»‘n cá»¡ nhá», vá» bÃ¡nh dáº»o dai, nhÃ¢n ngon nhiá»u hÃ nh phi má»—i tá»™i dÃ­nh quÃ¡ vá»«a Äƒn vá»«a gá»¡ má»i tay. BÃ¡nh trÃ¡ng trá»™n thÆ°á»ng Äƒn cÅ©ng ok tuy ko quÃ¡ Ä‘áº·c sáº¯c. 

ğŸ‘©ğŸ»ğŸ‘©ğŸ»ğŸ‘©ğŸ» pháº£i Ä‘á»£i hÆ¡i lÃ¢u. Phá»¥c vá»¥ nhÃ¬n chung ok, chÃº Ã½ tá»›i khÃ¡ch. Tháº¥y mÃ¬nh dÃ¹ng Ä‘t cÃ³ cÃ´ ra nháº¯c cáº¥t Ä‘i. RiÃªng mÃ¬nh muá»‘n xin thÃªm cÃ¡i thÃ¬a thÃ¬ gá»i 3-4 láº§n anh nv cá»© gáº­t gáº­t nhÆ°ng rá»‘t cuá»™c ko há» Ä‘em ra. 

ğŸ¡ğŸ¡ğŸ¡ Ä‘Ãºng kiá»ƒu quÃ¡n Äƒn vá»‰a hÃ¨. Chá»— ngá»“i cháº­t, bÃ n gháº¿ tháº¥p. ÄÆ°á»£c cÃ¡i trÃ´ng cÅ©ng khÃ´ng báº©n. 

ğŸ’¸ğŸ’¸ğŸ’¸ 20k/bÃ¡t trÃ¡ng trá»™n. 1 ngÃ n 500 má»™t cÃ¡i bÃ¡nh trÃ¡ng cuá»‘n.
Xem thÃªm",736
16579,Quá»³nh Anh Huá»³nh,5/6/2014 16:40,7.0,"T5 hÃ ng tuáº§n Ä‘áº·t hÃ ng online Ä‘Æ°á»£c giáº£m 50% pizza nha
TrÆ°á»›c h quen Äƒn bÃ¡nh Ä‘áº¿ dÃ y mÃ  dominos thÆ°á»ng lÃ m toppings vÃ  phÃ´mai Ã­t nÃªn mÃ¬nh ngÃ¡n luÃ´n. HÃ´m nay rÃºt kinh nghiá»‡m gá»i bÃ¡nh Ä‘áº¿ má»ng toppings meat lover: thoáº¡t Ä‘áº§u nhÃ¬n mÃ u khÃ´ng Ä‘áº¹p máº¯t vÃ¬ khÃ´ng cÃ³ rau cá»§ gÃ¬, mÃ¬nh tÆ°á»Ÿng hÃ´ng ngon rá»“i nhÆ°ng Äƒn vÃ´ thÃ¬: topping vá»«a váº·n, loáº¡i nÃ y toÃ n thá»‹t khÃ´ng cÃ³ rau, bÃ¡nh Ä‘áº¿ má»ng Äƒn giÃ²n giÃ²n > ÄÃƒ. Má»™t mÃ¬nh mÃ¬nh Äƒn dÃ¡m cÅ©ng háº¿t 1/2 cÃ¡i 12 inch vÃ¬ Ã­t bá»™t nÃªn khÃ´ng lÃ m no, chá»© bÃ¬nh thÆ°á»ng Äƒn Ä‘áº¿ dÃ y mÃ¬nh Äƒn Ä‘Æ°á»£c 2 slices lÃ  cÃ¹ng
Khoai tÃ¢y máº·t cÆ°á»i: lÃºc trÆ°á»›c mÃ¬nh ghiá»n loáº¡i nÃ y láº¯m nhÆ°ng h Äƒn láº¡i tháº¥y hÆ¡i tháº¥t vá»ng: dáº¡o nÃ y lÃ m Ã­t khoai tÃ¢y Ä‘i vÃ  nhiá»u bá»™t mÃ¬ hÆ¡n thÃ¬ pháº£i, hÃ´ng thÆ¡m mÃ¹i khoai mÃ  ngan ngÃ¡n. NhiÃªu Ä‘Ã¢y háº¿t 38k hÆ¡i máº¯c
Xem thÃªm",695
